{"sd_duration": 7.401834753160659, "mean_err": -0.8324155948553043, "sd_err": 4.975601929163729, "mean_abs_err": 3.4249263129689154, "median_abs_err": 2.55, "99pct_abs_err": 16.535333333333377, "test_r2": 0.5421794010769984}