{"sd_duration": 6.222556921041653, "mean_err": 0.987751100209493, "sd_err": 4.282081909337292, "mean_abs_err": 2.8590042165146397, "median_abs_err": 1.9247111002604171, "99pct_abs_err": 15.24030110677083, "test_r2": 0.5264919181498571}