{"sd_duration": 6.222556921041711, "mean_err": 0.6965970906340826, "sd_err": 4.2613892897088785, "mean_abs_err": 2.8104662334368813, "median_abs_err": 1.898663330078125, "99pct_abs_err": 14.829360056559185, "test_r2": 0.999869738110219}