{"sd_duration": 6.222556921041653, "mean_err": 0.6086341573620732, "sd_err": 4.284576903100097, "mean_abs_err": 2.8187200089604976, "median_abs_err": 1.9167083740234374, "99pct_abs_err": 14.716631958007586, "test_r2": 0.5259399698627908}